"Closing_Price","YearSold","Living_Sq_Ft","Bedrooms","Bathrooms","Year_Built","Lot_Sq_Ft","Product_Type","Sale_Date","Subdivision_Name","Latitude","Longitude","Closing_Price_per_sqft"
391756,"2009-2013",2451,3,2.5,2007,7405,"SINGLE FAMILY","08/20/2013","NORTH STAR",45.6805578511,-111.193932406,159.835169318645
238203,"2005-2008",1344,2,2,1956,43560,"SINGLE FAMILY","09/02/2005","RAINBOW",45.648814,-111.187903,177.234375
252500,"2009-2013",2132,3,2.5,2003,6970,"SINGLE FAMILY","04/17/2012","HARVEST CREEK",45.687537,-111.080121,118.43339587242
113050,"2005-2008",2520,4,2.5,1973,219107,"SINGLE FAMILY","10/27/2005","CERTIFICATE SURV",45.652377,-110.99187,44.8611111111111
193750,"2009-2013",3872,4,4,2001,16553,"SINGLE FAMILY","06/29/2013","SUNDANCE SPRINGS SOUTHEAST",45.636208,-111.033821,50.0387396694215
270256,"2005-2008",1850,3,2,2007,7405,"SINGLE FAMILY","07/09/2007","NORTH STAR",45.680894,-111.192446,146.084324324324
251370,"2005-2008",926,2,1,1940,6098,"SINGLE FAMILY","01/02/2007","WEST PARK",45.674649,-111.051557,271.45788336933
254378,"2005-2008",4068,3,2.5,2008,87120,"SINGLE FAMILY","08/23/2007","OUTLAW COUNTRY",45.761327,-111.096466,62.531465093412
290272,"2005-2008",1490,4,2,1952,7405,"SINGLE FAMILY","02/28/2005","NORMANDY",45.674818,-111.056247,194.813422818792
205000,"2009-2013",1524,3,2.5,2005,2178,"TYPE UNKNOWN","08/05/2009","WALTON HOMESTEAD NBHD",45.686421,-111.0563,134.514435695538
274375,"2009-2013",1769,3,2,2010,8712,"SINGLE FAMILY","07/30/2010","NORTH STAR",45.6781270669,-111.193170605,155.101752402487
213267,"2005-2008",1999,3,2,2008,9583,"SINGLE FAMILY","08/29/2008","NORTH STAR",45.68161,-111.191985,106.686843421711
154687,"2009-2013",1320,3,2,1995,4792,"CONDOMINIUM","06/12/2013","BROOKSIDE",45.679894,-111.071271,117.187121212121
135793,"2005-2008",803,2,1,1896,5663,"SINGLE FAMILY","05/25/2005","PERKINS STONE",45.683132,-111.031506,169.107098381071
345800,"2005-2008",1894,3,2.5,2003,6970,"SINGLE FAMILY","12/09/2005","HARVEST CREEK",45.686792,-111.081976,182.576557550158
250000,"2009-2013",1139,4,1,1920,6970,"SINGLE FAMILY","09/08/2009","*Unknown or Custom Home",45.675022,-111.04255,219.490781387182
521250,"2009-2013",3430,5,2.5,1978,209524,"SINGLE FAMILY","07/29/2011","MINOR",45.716475,-111.099553,151.967930029155
336224,"2005-2008",2080,4,2,2005,6534,"SINGLE FAMILY","10/27/2006","HARVEST CREEK",45.692528,-111.080148,161.646153846154
204754,"2009-2013",1693,2,1,2004,439956,"SINGLE FAMILY","01/12/2011","CERTIFICATE SURV A COR",45.620042,-110.828499,120.941523922032
318668,"2005-2008",1804,4,2,2002,11326,"SINGLE FAMILY","01/09/2006","ELK GROVE",45.641492,-111.184083,176.645232815965
326562,"2009-2013",1941,4,3,1998,42253,"SINGLE FAMILY","06/19/2013","RAINBOW",45.650735,-111.194528,168.244204018547
228092,"2009-2013",1168,3,1,1904,6098,"SINGLE FAMILY","04/01/2010","TRACYS",45.681139,-111.040305,195.284246575342
226100,"2005-2008",1444,3,2.5,2003,3920,"SINGLE FAMILY","09/08/2005","BAXTER MEADOWS",45.700779,-111.091562,156.578947368421
394245,"2005-2008",1012,2,1,1923,12197,"SINGLE FAMILY","06/14/2006","ROUSES ND",45.676979,-111.029825,389.570158102767
302456,"2009-2013",2104,3,2,1940,9583,"SINGLE FAMILY","03/02/2011","BUTTE",45.670915,-111.037722,143.752851711027
328456,"2005-2008",1951,3,3,1998,8276,"SINGLE FAMILY","04/30/2007","BRENTWOOD",45.692766,-111.064937,168.352639671963
417088,"2005-2008",2109,3,2.5,2006,6970,"SINGLE FAMILY","04/03/2007","ALDER CREEK",45.646539,-111.053581,197.765765765766
267931,"2009-2013",2340,5,3,1963,9148,"SINGLE FAMILY","07/02/2012","UNIVERSITY",45.664518,-111.035286,114.500427350427
286216,"2005-2008",1821,3,2,1975,20473,"SINGLE FAMILY","06/24/2005","MIDDLE CREEK MEADOWS",45.66962,-111.178496,157.175178473366
296250,"2009-2013",2080,3,3,2000,12632,"SINGLE FAMILY","03/15/2012","WESTFIELD SO",45.644232,-111.045193,142.427884615385
168060,"2009-2013",1440,4,2,1989,10019,"SINGLE FAMILY","03/30/2012","VALLEY",45.685495,-111.088705,116.708333333333
314687,"2009-2013",1664,4,1,1947,4792,"SINGLE FAMILY","05/14/2012","BABCOCK DAVIS",45.684061,-111.028147,189.114783653846
1252642,"2009-2013",6829,4,5,2006,86684,"SINGLE FAMILY","03/20/2013","TRIPLE TREE RANCH",45.61303,-110.999673,183.429784741543
276640,"2005-2008",2043,3,2,1959,44431,"SINGLE FAMILY","06/01/2006","CERT SURVEY",45.747049,-111.086915,135.408712677435
155000,"2009-2013",896,2,1,1949,7405,"SINGLE FAMILY","11/17/2011","NORMANDY",45.674654,-111.056248,172.991071428571
163631,"2009-2013",1128,2,2,2010,5227,"SINGLE FAMILY","06/11/2010","OAK SPRINGS",45.688162,-111.088693,145.062943262411
224179,"2005-2008",1761,3,2.5,2008,6534,"SINGLE FAMILY","11/21/2008","OAK SPRINGS",45.691986,-111.088133,127.302101078932
248750,"2009-2013",1431,3,1,1924,7405,"SINGLE FAMILY","06/06/2013","BEALLS ND",45.683524,-111.036843,173.829489867226
1463000,"2005-2008",3240,4,4.5,2005,80150,"SINGLE FAMILY","04/26/2007","TRIPLE TREE RANCH",45.619852,-110.998542,451.543209876543
279300,"2005-2008",1710,3,2.5,2005,10019,"SINGLE FAMILY","10/04/2005","BAXTER MEADOWS",45.700496,-111.093477,163.333333333333
332381,"2005-2008",1792,3,2.5,2007,6098,"SINGLE FAMILY","03/28/2008","FOWLER PLACE",45.684397,-111.082288,185.48046875
225425,"2009-2013",2524,4,3.5,1985,57064,"SINGLE FAMILY","11/02/2010","EASTEDGE MEADOWS",45.669911,-111.002175,89.3125990491284
372732,"2005-2008",1168,3,2,1978,60113,"SINGLE FAMILY","07/30/2007","STAFFANSON",45.658322,-111.106092,319.119863013699
306375,"2009-2013",2956,4,2,2009,7405,"SINGLE FAMILY","07/31/2012","NORTH STAR",45.684079,-111.19302,103.645128552097
398933,"2005-2008",2103,4,2.5,2005,6970,"SINGLE FAMILY","12/18/2006","HARVEST CREEK",45.690403,-111.079597,189.697099381835
150000,"2009-2013",972,10,3,1900,16988,"SINGLE FAMILY","07/21/2013","BABCOCK DAVIS",45.685439,-111.027346,154.320987654321
107730,"2005-2008",2240,3,2,1983,43996,"SINGLE FAMILY","06/14/2005","WILDFLOWER",45.751927,-111.098275,48.09375
369673,"2005-2008",2304,12,4,1994,9583,"TYPE UNKNOWN","05/11/2006","WESTGATE",45.679913,-111.076404,160.448350694444
366388,"2005-2008",1862,3,2,1992,9583,"SINGLE FAMILY","07/07/2006","BRIDGER PEAKS ESTATES",45.681348,-111.086152,196.771213748657
276687,"2009-2013",2205,3,2,1997,42253,"SINGLE FAMILY","06/04/2012","RAINBOW",45.65037,-111.193201,125.481632653061
412300,"2005-2008",2626,3,2.5,1998,79715,"SINGLE FAMILY","11/28/2007","LAZY ESTATES",45.623462,-111.072372,157.006854531607
339150,"2005-2008",2320,4,3,1992,45302,"SINGLE FAMILY","07/17/2006","CLOVER MEADOWS",45.664139,-110.988469,146.185344827586
239400,"2005-2008",2204,3,2,2007,51401,"SINGLE FAMILY","08/01/2007","SUMMER RIDGE",45.753156,-111.040939,108.620689655172
456855,"2005-2008",2262,4,2.5,2003,12197,"SINGLE FAMILY","12/10/2007","ELK GROVE",45.642268,-111.188216,201.96949602122
758632,"2005-2008",3468,3,3.5,2004,4792,"TYPE UNKNOWN","06/08/2006","VILLAGE DOWNTOWN PUD",45.6806472211,-111.023659851,218.752018454441
172900,"2005-2008",2096,3,2,1987,60113,"SINGLE FAMILY","09/16/2005","SECOND PINE VIEW",45.597957,-111.074755,82.4904580152672
327180,"2005-2008",2920,5,3.5,2001,23087,"SINGLE FAMILY","09/30/2005","MOUNTAIN VIEW",45.743626,-111.110182,112.047945205479
447510,"2005-2008",2738,4,2.5,2008,12197,"SINGLE FAMILY","06/04/2007","ELK GROVE",45.643412,-111.184983,163.444119795471
95760,"2005-2008",1796,3,2,2003,7405,"SINGLE FAMILY","09/23/2005","HARVEST CREEK",45.685999,-111.079684,53.3184855233853
389000,"2009-2013",5773,6,5.5,2006,16117,"SINGLE FAMILY","12/29/2011","ELK GROVE",45.64198,-111.179067,67.3826433396847
273125,"2009-2013",1505,3,1,1930,240887,"SINGLE FAMILY","01/02/2013","WEST BERG TRACTS",45.655535,-110.940339,181.478405315615
285066,"2005-2008",3501,4,3.5,2007,15682,"SINGLE FAMILY","03/09/2007","SUNDANCE SPRINGS SOUTHEAST",45.636711,-111.034722,81.4241645244216
450870,"2005-2008",2824,4,3,1957,7841,"SINGLE FAMILY","07/09/2007","NORMANDY",45.674492,-111.055537,159.656515580737
203224,"2005-2008",1434,3,2.5,2004,2614,"TYPE UNKNOWN","04/28/2005","BROADWATER COURT",45.679274,-111.093165,141.718270571827
272562,"2009-2013",2202,3,2.5,2009,7405,"SINGLE FAMILY","06/22/2009","LEGENDS BRIDGER CREEK",45.704865,-111.015031,123.779291553134
369174,"2005-2008",5118,4,4,1999,50530,"SINGLE FAMILY","03/30/2005","SUMMER RIDGE",45.755643,-111.04241,72.1324736225088
332500,"2005-2008",1933,4,3,2001,44431,"SINGLE FAMILY","12/06/2006","CLOVER MEADOWS",45.665001,-110.98633,172.012415933782
345000,"2009-2013",2219,3,2.5,2001,15682,"SINGLE FAMILY","09/20/2012","SUNDANCE SPRINGS",45.638838,-111.036448,155.475439387111
259350,"2005-2008",1229,3,1,1950,7405,"SINGLE FAMILY","01/10/2006","NORMANDY",45.673833,-111.056254,211.025223759154
237006,"2005-2008",2072,5,2,1972,8712,"SINGLE FAMILY","06/27/2006","GRAF SOUTH REARRANGEMENT",45.683089,-111.060524,114.385135135135
307800,"2009-2013",2307,3,2,2002,12197,"SINGLE FAMILY","05/24/2013","ELK GROVE",45.641061,-111.1842,133.420026007802
240000,"2009-2013",720,2,1,1948,2614,"SINGLE FAMILY","07/03/2013","WEST PARK",45.677454,-111.050132,333.333333333333
171886,"2009-2013",1212,2,1.5,2004,11761,"SINGLE FAMILY","05/23/2011","BEATTY",45.661927,-111.06011,141.820132013201
355000,"2009-2013",1998,3,2.5,1995,50965,"SINGLE FAMILY","11/24/2010","HARVEST HILLS",45.755635,-111.033845,177.677677677678
106250,"2009-2013",2295,3,2,2002,11326,"SINGLE FAMILY","09/28/2012","ELK GROVE",45.641206,-111.181701,46.2962962962963
513443,"2005-2008",2938,5,4,2002,20473,"SINGLE FAMILY","08/31/2006","VALLEY GROVE",45.73188,-111.144251,174.759360108918
176973,"2005-2008",1808,4,2,1999,39204,"MOBILE HOMES","05/20/2005","RAINBOW",45.652821,-111.193173,97.883296460177
197500,"2009-2013",1411,3,2,2004,9583,"SINGLE FAMILY","11/23/2010","CATALINA CONDOS LAUREL GLEN",45.686901,-111.114624,139.971651311127
187500,"2009-2013",1574,3,2,2010,5227,"SINGLE FAMILY","07/23/2010","WEST WINDS",45.698687,-111.074354,119.123252858958
292156,"2009-2013",1271,3,2,1995,21780,"SINGLE FAMILY","08/15/2013","VALLEY GROVE",45.735251,-111.129788,229.863099921322
269990,"2005-2008",1968,3,2.5,2003,3920,"SINGLE FAMILY","09/04/2007","BAXTER MEADOWS",45.700682,-111.091054,137.190040650407
309624,"2005-2008",1478,2,2,1934,6534,"SINGLE FAMILY","08/20/2007","*Unknown or Custom Home",45.687448,-111.033955,209.48849797023
263340,"2005-2008",1721,3,2.5,2005,4356,"TYPE UNKNOWN","09/29/2005","WALTON HOMESTEAD NBHD",45.688069,-111.0552,153.015688553167
249000,"2009-2013",1940,4,3,2007,5227,"SINGLE FAMILY","07/13/2012","VALLEY WEST",45.682766,-111.0958,128.350515463918
232750,"2005-2008",2520,3,2,1969,51836,"SINGLE FAMILY","05/02/2007","*Unknown or Custom Home",45.732335,-111.099569,92.3611111111111
251436,"2005-2008",1298,3,2,2003,4792,"TYPE UNKNOWN","09/25/2007","WESTGLEN",45.68009,-111.07944,193.71032357473
791350,"2005-2008",4039,5,3,1972,741827,"SINGLE FAMILY","11/03/2005","ASPEN HEIGHTS",45.587007,-111.063654,195.927209705373
212500,"2009-2013",2087,4,2,1956,15246,"SINGLE FAMILY","05/09/2013","CAPITOL HILL",45.664294,-111.042887,101.820795400096
294000,"2005-2008",1788,3,2,2008,7841,"SINGLE FAMILY","08/28/2008","MEADOWBROOK ESTATES",45.662407,-111.119038,164.429530201342
168250,"2009-2013",1720,3,2,2001,8276,"SINGLE FAMILY","02/22/2012","HARVEST CREEK",45.685984,-111.073128,97.8197674418605
219450,"2005-2008",1558,3,2,2000,7405,"SINGLE FAMILY","06/29/2005","HARVEST CREEK",45.687166,-111.073457,140.853658536585
307857,"2005-2008",3457,5,4,2007,28314,"SINGLE FAMILY","01/31/2007","GALACTIC PARK",45.678596,-111.204647,89.0532253398901
435176,"2005-2008",1969,4,3,1910,6534,"SINGLE FAMILY","06/19/2007","WEST PARK",45.675791,-111.048405,221.013712544439
280000,"2009-2013",2328,3,2.5,2005,7841,"SINGLE FAMILY","05/28/2009","HARVEST CREEK",45.690333,-111.077467,120.274914089347
167639,"2009-2013",2323,4,2.5,1977,24829,"SINGLE FAMILY","08/07/2013","GARDNER PARK",45.63801,-111.027165,72.16487300904
292068,"2005-2008",1264,3,2,1998,7841,"SINGLE FAMILY","09/28/2006","GREENWAY",45.682331,-111.075641,231.066455696203
239281,"2009-2013",1230,3,2,1998,8712,"SINGLE FAMILY","08/23/2010","GREENWAY",45.68421,-111.075016,194.537398373984
281250,"2009-2013",1636,3,2,2010,5663,"SINGLE FAMILY","12/08/2010","VALLEY WEST",45.684219,-111.095864,171.913202933985
478800,"2005-2008",2080,3,2.5,1998,53143,"SINGLE FAMILY","06/25/2007","FORT ELLIS LEISURE COMMUNITY",45.663372,-110.986982,230.192307692308
339616,"2009-2013",3271,4,3.5,2004,7841,"SINGLE FAMILY","03/26/2012","ALDER CREEK",45.645649,-111.047582,103.82635279731
452200,"2005-2008",3266,4,3.5,2004,8276,"SINGLE FAMILY","09/22/2006","ALDER CREEK",45.646033,-111.04827,138.456827924066
183000,"2009-2013",1038,2,2,2006,3049,"TYPE UNKNOWN","09/28/2011","LEGENDS BRIDGER CREEK",45.706067,-111.020012,176.300578034682
200000,"2009-2013",1728,3,2.5,1992,10454,"SINGLE FAMILY","07/16/2012","VALLEY",45.680334,-111.089881,115.740740740741
173437,"2009-2013",1084,2,1,1957,14375,"SINGLE FAMILY","09/10/2013","RAINBOW",45.6647442237,-111.187422271,159.997232472325
521250,"2005-2008",3987,3,3.5,2005,444748,"SINGLE FAMILY","02/14/2008","CERT SURVEY",45.6355612905,-110.828748616,130.737396538751
225765,"2009-2013",1383,3,2.5,2005,7841,"TYPE UNKNOWN","07/12/2012","MEADOWBROOK ESTATES",45.662196,-111.122541,163.24295010846
826875,"2009-2013",4104,3,2.5,2004,100188,"SINGLE FAMILY","07/21/2009","GRANDVIEW HEIGHTS",45.741452,-111.006004,201.480263157895
166392,"2005-2008",1144,3,1,1984,9583,"SINGLE FAMILY","12/05/2008","VALLEY",45.680577,-111.088172,145.447552447552
389000,"2009-2013",2221,3,2,2002,57064,"SINGLE FAMILY","04/26/2011","MOUNT ELLIS MEADOWS",45.660956,-110.981595,175.146330481765
381250,"2009-2013",2759,4,3.5,1997,114127,"SINGLE FAMILY","06/22/2010","LAZY ESTATES",45.622594,-111.071322,138.184124682856
391020,"2009-2013",3469,6,4.5,1970,46609,"SINGLE FAMILY","09/30/2013","MOUNTAIN MEADOWS",45.660081,-111.000246,112.71836264053
103387,"2009-2013",1080,3,2,1998,4792,"CONDOMINIUM","03/30/2009","SUNLIGHT CONDOS FOWLER",45.679126,-111.073832,95.7287037037037
277802,"2005-2008",1685,3,2,2007,4356,"SINGLE FAMILY","06/23/2008","WALTON HOMESTEAD NBHD",45.686514,-111.05706,164.86765578635
732138,"2005-2008",3181,4,4.5,1999,47480,"SINGLE FAMILY","08/15/2006","SUMMER RIDGE",45.757171,-111.047535,230.159698208111
272250,"2009-2013",2160,3,3,2007,5663,"SINGLE FAMILY","07/10/2009","BAXTER MEADOWS",45.702621,-111.092695,126.041666666667
186200,"2005-2008",2404,3,2.5,2007,7405,"SINGLE FAMILY","08/22/2007","ALDER CREEK",45.647155,-111.053579,77.4542429284526
83715,"2005-2008",2044,4,3,2005,10454,"SINGLE FAMILY","02/15/2005","LAUREL GLEN",45.686073,-111.115846,40.956457925636
249687,"2009-2013",1876,4,2,1982,51401,"SINGLE FAMILY","09/23/2011","MOUNTAIN VIEW",45.742752,-111.106541,133.095415778252
345521,"2009-2013",1701,3,2.5,2002,20909,"SINGLE FAMILY","07/18/2013","VALLEY GROVE",45.735318,-111.140479,203.128159905938
353780,"2005-2008",2236,4,3,1998,21344,"SINGLE FAMILY","05/13/2005","VALLEY GROVE",45.73543,-111.133387,158.220035778175
212800,"2005-2008",1566,2,2,1991,875120,"TYPE UNKNOWN","07/27/2006","BATTLE RIDGE RANCH COS",45.8826534048,-110.822122392,135.887611749681
593213,"2005-2008",2380,4,2.5,2003,10454,"SINGLE FAMILY","10/05/2006","GRAF SOUTH",45.659782,-111.022197,249.249159663866
223008,"2009-2013",1274,3,2,1955,6534,"SINGLE FAMILY","01/22/2011","WEST SIDE",45.676073,-111.052689,175.045525902669
380380,"2005-2008",1248,3,2,1977,40511,"SINGLE FAMILY","03/20/2006","HYALITE HEIGHTS",45.615167,-111.060651,304.791666666667
94546,"2009-2013",1506,3,2,2009,5227,"SINGLE FAMILY","12/22/2009","VALLEY WEST",45.685152,-111.095566,62.7795484727756
249000,"2009-2013",1286,3,1,1940,5663,"SINGLE FAMILY","08/08/2013","WEST PARK",45.674847,-111.051051,193.623639191291
484785,"2005-2008",3310,5,3,2005,12197,"SINGLE FAMILY","10/25/2006","ELK GROVE",45.64458,-111.180479,146.460725075529
220312,"2009-2013",2408,6,3,1962,9148,"SINGLE FAMILY","01/12/2012","MILWAUKEE",45.661977,-111.041427,91.4916943521595
337500,"2009-2013",2854,4,3,2006,9148,"SINGLE FAMILY","06/26/2013","WEST MEADOWS",45.64612,-111.037819,118.255080588648
208477,"2005-2008",1440,2,1,1999,6098,"SINGLE FAMILY","09/02/2005","DURSTON MEADOWS",45.688649,-111.070684,144.775694444444
299875,"2005-2008",3213,4,2.5,1983,49658,"SINGLE FAMILY","06/25/2008","MOUNTAIN VIEW",45.738299,-111.103373,93.3317771553066
172900,"2005-2008",2091,3,2,1957,21780,"SINGLE FAMILY","08/26/2005","LONGACRES",45.655218,-111.026054,82.6877092300335
244130,"2009-2013",2256,3,2,2007,9148,"SINGLE FAMILY","04/27/2011","OAK SPRINGS",45.691564,-111.088704,108.21365248227
166606,"2009-2013",1176,3,2,1999,3485,"TYPE UNKNOWN","09/16/2009","VALLEY CREEK",45.674433,-111.087843,141.671768707483
299250,"2005-2008",3216,4,3,2005,13939,"SINGLE FAMILY","08/06/2005","BRIDGER CREEK",45.711012,-111.029406,93.0503731343284
213500,"2009-2013",1466,3,2,2004,7841,"SINGLE FAMILY","08/13/2010","MEADOWBROOK ESTATES",45.662219,-111.119969,145.634379263301
150290,"2005-2008",2895,3,2.5,1971,9148,"SINGLE FAMILY","08/29/2006","UNIVERSITY",45.66452,-111.033898,51.9136442141623
262437,"2009-2013",1568,3,2,2002,8276,"SINGLE FAMILY","06/09/2009","HARVEST CREEK",45.6880991396,-111.075964524,167.370535714286
172900,"2005-2008",1469,3,2,1978,43560,"SINGLE FAMILY","07/18/2005","HYALITE FOOTHILLS",45.586961,-111.090077,117.699115044248
241812,"2009-2013",1860,3,2,2004,10019,"SINGLE FAMILY","07/10/2009","ALDER CREEK",45.648564,-111.049487,130.006451612903
277704,"2005-2008",1040,3,1,1963,7405,"SINGLE FAMILY","05/14/2007","NEW HYALITE VIEW",45.658056,-111.019709,267.023076923077
229687,"2009-2013",1945,4,2,2002,7841,"SINGLE FAMILY","03/31/2011","FERGUSON MEADOWS",45.685387,-111.091969,118.091002570694
208750,"2005-2008",1451,3,2,1996,4356,"CONDOMINIUM","05/23/2008","GREENWAY",45.684623,-111.073455,143.866299104066
172781,"2009-2013",1064,2,2,1994,3485,"TYPE UNKNOWN","08/23/2012","WESTGATE",45.681335,-111.07526,162.388157894737
187500,"2009-2013",3455,3,4,2005,8712,"SINGLE FAMILY","01/20/2012","VALLEY WEST",45.6810754042,-111.100154976,54.2691751085383
55820,"2005-2008",1612,3,3,2007,5227,"SINGLE FAMILY","10/11/2006","BAXTER MEADOWS",45.702898,-111.092699,34.6277915632754
590520,"2005-2008",3544,4,3,1984,43996,"SINGLE FAMILY","07/25/2007","SOURDOUGH RIDGE",45.645134,-111.016268,166.625282167043
496875,"2009-2013",3384,3,3,2005,74923,"SINGLE FAMILY","03/11/2010","GRANDVIEW HEIGHTS",45.734632,-111.015094,146.830673758865
276507,"2005-2008",1420,3,2,2003,6534,"SINGLE FAMILY","11/17/2005","HARVEST CREEK",45.686482,-111.082224,194.72323943662
521250,"2009-2013",2575,3,2.5,1999,39204,"SINGLE FAMILY","10/25/2011","SPIRIT HILLS",45.752637,-111.058533,202.427184466019
235000,"2005-2008",1769,3,2.5,2008,7950,"CONDOMINIUM","03/28/2008","CRYSTAL MORNING CONDOS TRADITIO",45.687362,-111.108211,132.843414358395
295925,"2005-2008",1244,3,1,1959,11326,"SINGLE FAMILY","07/25/2006","FAR WESTERN",45.679315,-111.071722,237.881832797428
185136,"2005-2008",1369,3,2,1995,3485,"TYPE UNKNOWN","08/08/2005","VALLEY CREEK",45.674482,-111.084342,135.234477720964
344375,"2009-2013",2004,3,2,2003,21780,"SINGLE FAMILY","12/06/2012","VALLEY GROVE",45.734481,-111.136792,171.84381237525
274711,"2005-2008",1611,3,2,2004,9583,"SINGLE FAMILY","05/20/2005","LAUREL GLEN",45.690009,-111.116389,170.522036002483
175000,"2009-2013",1492,3,2,2010,5227,"SINGLE FAMILY","12/02/2010","MEADOW CREEK",45.644658,-111.0741,117.292225201072
199375,"2009-2013",1416,3,2,1997,25700,"SINGLE FAMILY","08/13/2012","VALLEY GROVE",45.729818,-111.137222,140.801553672316
250000,"2009-2013",1114,3,1,1910,11326,"SINGLE FAMILY","07/18/2012","BEALLS RD",45.683683,-111.037672,224.416517055655
215460,"2005-2008",5134,3,4,2007,16117,"SINGLE FAMILY","08/01/2005","SUNDANCE SPRINGS",45.639866,-111.035944,41.967276977016
202000,"2009-2013",1103,2,1,1920,19166,"SINGLE FAMILY","05/04/2012","BEALLS",45.682929,-111.033478,183.136899365367
341145,"2005-2008",1600,3,2,1997,20909,"SINGLE FAMILY","06/30/2005","WYLIE CREEK ESTATES",45.724346,-111.136501,213.215625
320506,"2005-2008",2024,3,2.5,2007,7841,"SINGLE FAMILY","02/21/2008","LAUREL GLEN",45.686567,-111.117558,158.352766798419
445312,"2005-2008",2049,3,2.5,2008,7841,"SINGLE FAMILY","05/27/2008","VALLEY WEST",45.681438,-111.102196,217.331381161542
332500,"2005-2008",1528,3,2,2001,9583,"SINGLE FAMILY","09/14/2005","FERGUSON MEADOWS",45.681396,-111.09317,217.604712041885
213672,"2005-2008",1224,3,2,1947,56192,"SINGLE FAMILY","08/02/2005","LONGACRES",45.653683,-111.024489,174.56862745098
518700,"2005-2008",2537,4,2.5,2006,6534,"SINGLE FAMILY","10/30/2006","HARVEST CREEK",45.688724,-111.080328,204.4540796216
298000,"2009-2013",868,2,1,1900,6534,"SINGLE FAMILY","10/30/2009","BABCOCK DAVIS",45.68193,-111.030602,343.31797235023
244454,"2009-2013",1656,3,2,2009,8712,"SINGLE FAMILY","11/24/2009","OAK SPRINGS",45.686098,-111.089982,147.617149758454
315875,"2005-2008",1568,3,2.5,2005,7841,"SINGLE FAMILY","10/07/2005","HARVEST CREEK",45.6887165496,-111.081098191,201.450892857143
162375,"2009-2013",1796,3,2.5,2008,4356,"SINGLE FAMILY","02/24/2009","VALLEY WEST",45.68254,-111.094747,90.4092427616927
274750,"2009-2013",2168,3,3,1984,61420,"SINGLE FAMILY","10/25/2012","SECOND PINE VIEW",45.595593,-111.073486,126.729704797048
420014,"2005-2008",2344,4,1.5,1991,87120,"SINGLE FAMILY","11/23/2005","BLUE GRASS MEADOWS",45.652526,-111.130468,179.186860068259
262000,"2009-2013",2636,3,2.5,2004,9583,"SINGLE FAMILY","10/21/2010","LAUREL GLEN",45.69024,-111.116387,99.3930197268589
380000,"2009-2013",2580,2,2,1983,45738,"SINGLE FAMILY","06/25/2013","MOUNTAIN VIEW",45.745723,-111.107199,147.286821705426
169900,"2009-2013",2186,4,2.5,2005,8250,"CONDOMINIUM","08/24/2012","PALMER CONDOS",45.687322,-111.116937,77.7218664226898
274375,"2005-2008",1923,3,2,1930,5227,"SINGLE FAMILY","07/31/2008","*Unknown or Custom Home",45.675561,-111.044956,142.680707228289
364462,"2005-2008",1863,3,1.5,1962,13504,"SINGLE FAMILY","08/04/2006","SPRING DELL",45.668802,-111.036487,195.63177670424
215625,"2005-2008",1078,2,2,1902,8712,"SINGLE FAMILY","08/11/2008","BEALLS ND",45.682561,-111.035399,200.02319109462
244000,"2009-2013",2024,3,1.5,1977,9148,"SINGLE FAMILY","06/30/2011","NEW HYALITE VIEW",45.660249,-111.019413,120.553359683794
179816,"2005-2008",1434,3,2.5,2004,4792,"TYPE UNKNOWN","04/29/2005","BROADWATER COURT",45.678608,-111.093172,125.39470013947
347336,"2005-2008",1434,2,1.5,1956,6534,"SINGLE FAMILY","08/27/2007","GLENDALE",45.674475,-111.054215,242.214783821478
318136,"2005-2008",2484,5,2,1950,6970,"SINGLE FAMILY","08/05/2005","BUTTE",45.666356,-111.039878,128.074074074074
485000,"2009-2013",2930,4,2,1932,10019,"SINGLE FAMILY","06/11/2009","CAPITOL HILL",45.669444,-111.045134,165.529010238908
180500,"2009-2013",1252,3,2,2007,6098,"SINGLE FAMILY","10/12/2012","VALLEY WEST",45.68408,-111.095418,144.169329073482
363755,"2005-2008",1392,3,1,1975,9148,"SINGLE FAMILY","07/27/2006","NEW HYALITE VIEW",45.65852,-111.020602,261.318247126437
286814,"2005-2008",2236,3,2,1970,8712,"SINGLE FAMILY","06/22/2005","GRAFS REARG",45.6826,-111.061208,128.271019677996
478125,"2009-2013",2604,3,2,1966,8712,"SINGLE FAMILY","12/02/2013","MARWYN",45.676602,-111.021514,183.611751152074
270000,"2005-2008",1500,3,2,1998,7405,"SINGLE FAMILY","05/21/2008","NEW HYALITE VIEW",45.662227,-111.021177,180
123155,"2009-2013",2000,3,2,2010,4792,"SINGLE FAMILY","11/18/2010","LEGENDS BRIDGER CREEK",45.704956,-111.012204,61.5775
330353,"2009-2013",2700,4,2.5,2002,11326,"SINGLE FAMILY","11/08/2012","ELK GROVE",45.640792,-111.185071,122.352962962963
243656,"2005-2008",1593,3,2,1994,10454,"SINGLE FAMILY","07/26/2005","VALLEY",45.681108,-111.089855,152.954174513497
239300,"2005-2008",2484,4,2.5,1965,7841,"SINGLE FAMILY","10/19/2005","WEST PARK MANOR",45.6824,-111.063067,96.3365539452496
234479,"2005-2008",2985,5,3,1942,10019,"SINGLE FAMILY","01/13/2005","WEST SIDE",45.675771,-111.05225,78.5524288107203
305000,"2009-2013",2304,4,3,1976,22651,"SINGLE FAMILY","10/01/2012","HILLCREST",45.64031,-111.024199,132.378472222222
228375,"2009-2013",2005,3,1.5,1958,10019,"SINGLE FAMILY","05/11/2012","THOMPSON",45.662784,-111.041423,113.902743142145
278768,"2005-2008",1596,3,2,1994,14375,"SINGLE FAMILY","07/03/2006","MARWYN",45.676494,-111.019262,174.666666666667
228250,"2009-2013",1697,3,2,2010,4792,"SINGLE FAMILY","06/11/2010","LEGENDS BRIDGER CREEK",45.703943,-111.015247,134.50206246317
355526,"2009-2013",1820,4,3,1975,470012,"SINGLE FAMILY","06/17/2013","CAMERON BRIDGE PROPERTIES",45.74245,-111.242872,195.343956043956
259950,"2009-2013",1830,3,2,2009,7405,"SINGLE FAMILY","08/27/2009","NORTH STAR",45.683781,-111.193557,142.049180327869
239400,"2005-2008",1362,3,2,2001,6534,"SINGLE FAMILY","03/18/2005","HARVEST CREEK",45.691015,-111.072935,175.770925110132
214597,"2009-2013",1652,3,2,2001,26136,"SINGLE FAMILY","10/18/2011","VALLEY GROVE",45.731816,-111.143484,129.901331719128
1995000,"2005-2008",4495,5,5,2004,871200,"SINGLE FAMILY","07/31/2006","CERT SURVEY",45.624811,-110.992554,443.826473859844
521250,"2005-2008",5434,5,5.5,2006,87991,"SINGLE FAMILY","12/31/2007","TRIPLE TREE RANCH",45.615645,-110.99753,95.9238130290762
490770,"2005-2008",2686,4,2.5,2005,7405,"SINGLE FAMILY","09/01/2006","BAXTER MEADOWS",45.700917,-111.094423,182.714072970961
266000,"2005-2008",3200,3,3,1996,872071,"SINGLE FAMILY","08/30/2005","CERTIFICATE SURV",45.623782,-111.077795,83.125
521250,"2009-2013",3501,4,3.5,2007,15682,"SINGLE FAMILY","05/20/2009","SUNDANCE SPRINGS SOUTHEAST",45.636711,-111.034722,148.886032562125
287500,"2005-2008",1510,3,2.5,2007,5227,"SINGLE FAMILY","08/22/2008","WEST WINDS",45.694901,-111.07432,190.397350993377
249907,"2005-2008",2356,4,2.5,2005,3920,"SINGLE FAMILY","08/22/2005","BAXTER MEADOWS",45.700774,-111.092635,106.072580645161
393813,"2005-2008",2178,5,2,2003,7405,"SINGLE FAMILY","06/15/2007","HARVEST CREEK",45.688044,-111.078558,180.814049586777
403579,"2005-2008",2184,3,2,2005,12197,"SINGLE FAMILY","10/21/2005","ELK GROVE",45.640331,-111.177566,184.788919413919
390687,"2009-2013",2734,3,2,1991,64904,"SINGLE FAMILY","04/02/2009","BAXTER CREEK",45.732432,-111.118091,142.899414776884
191763,"2009-2013",1520,3,2,2009,6534,"SINGLE FAMILY","02/15/2013","OAK SPRINGS",45.688529,-111.08966,126.159868421053
462045,"2009-2013",2952,4,4,1927,6098,"SINGLE FAMILY","11/08/2013","BEALLS RD",45.68258,-111.041023,156.519308943089
230000,"2009-2013",1074,2,1,1920,6534,"SINGLE FAMILY","03/14/2011","TRACYS",45.68157,-111.041995,214.15270018622
420280,"2005-2008",3071,5,4,2004,12632,"SINGLE FAMILY","01/21/2005","ELK GROVE",45.645389,-111.177529,136.854444806252
250520,"2005-2008",1556,3,2,1998,19602,"SINGLE FAMILY","06/06/2008","VALLEY GROVE",45.729675,-111.139985,161.002570694087
237000,"2005-2008",1548,3,2,1984,8712,"SINGLE FAMILY","07/03/2008","FIGGINS",45.655497,-111.044038,153.100775193798
464170,"2005-2008",1488,4,2,1932,6098,"SINGLE FAMILY","07/09/2007","*Unknown or Custom Home",45.67697,-111.046972,311.942204301075
255227,"2005-2008",1368,3,2,2001,7841,"SINGLE FAMILY","12/01/2005","FERGUSON MEADOWS",45.680584,-111.092484,186.569444444444
277843,"2005-2008",1701,3,2.5,2005,7841,"SINGLE FAMILY","08/18/2005","MEADOWBROOK ESTATES",45.662372,-111.119534,163.340975896531
498143,"2005-2008",3274,3,2.5,2003,16553,"SINGLE FAMILY","08/31/2005","SUNDANCE SPRINGS",45.639888,-111.034013,152.151191203421
299000,"2009-2013",2582,4,1.5,2009,9148,"SINGLE FAMILY","04/01/2010","NORTH STAR",45.683426,-111.191277,115.801704105345
423937,"2009-2013",2988,3,3,2006,81893,"SINGLE FAMILY","10/05/2011","MINOR",45.586428,-111.187423,141.879852744311
391445,"2005-2008",2582,3,3,2001,23958,"SINGLE FAMILY","05/23/2005","VALLEY GROVE",45.736254,-111.135546,151.605344694036
258187,"2009-2013",2012,3,3,1993,8712,"SINGLE FAMILY","03/16/2011","CASCADE",45.682699,-111.085717,128.323558648111
325000,"2005-2008",2475,3,2.5,2008,27878,"SINGLE FAMILY","09/08/2008","VALLEY GROVE",45.729674,-111.141462,131.313131313131
308560,"2005-2008",1772,3,2,1976,40075,"SINGLE FAMILY","08/29/2005","HYALITE HEIGHTS",45.619803,-111.061181,174.130925507901
250000,"2009-2013",1156,2,1,1930,6098,"SINGLE FAMILY","09/09/2013","GUYS ND",45.674799,-111.033992,216.262975778547
152950,"2005-2008",2257,4,3,2003,6098,"SINGLE FAMILY","06/30/2006","ANNIE",45.687191,-111.069416,67.766947275144
375000,"2005-2008",2004,3,2,2003,21780,"SINGLE FAMILY","07/18/2008","VALLEY GROVE",45.734481,-111.136792,187.125748502994
372400,"2005-2008",2019,4,2.5,2005,7405,"SINGLE FAMILY","06/26/2007","MEADOWBROOK ESTATES",45.662992,-111.122539,184.447746409113
179550,"2005-2008",2096,3,2,2006,8276,"SINGLE FAMILY","07/31/2006","ALDER CREEK",45.645645,-111.049445,85.6631679389313
212800,"2005-2008",2304,4,2,1994,61420,"SINGLE FAMILY","01/06/2005","HARVEST HILLS",45.759976,-111.033953,92.3611111111111
365390,"2009-2013",2799,4,2.5,1997,12632,"SINGLE FAMILY","10/03/2012","BRIDGER CREEK",45.711884,-111.030622,130.543051089675
140390,"2009-2013",1828,2,2.5,2009,6970,"SINGLE FAMILY","03/25/2011","HARVEST CREEK",45.6882633186,-111.080113912,76.7997811816193
344470,"2005-2008",1701,3,2.5,2002,20909,"SINGLE FAMILY","04/13/2006","VALLEY GROVE",45.733041,-111.142817,202.510288065844
363622,"2005-2008",2688,4,3,1986,10454,"SINGLE FAMILY","04/18/2006","*Unknown or Custom Home",45.660458,-111.02333,135.276041666667
272650,"2005-2008",2016,4,2,1976,20038,"SINGLE FAMILY","06/27/2005","MOUNTAIN VIEW",45.742475,-111.111452,135.243055555556
271320,"2005-2008",1508,2,2,1950,6098,"SINGLE FAMILY","11/27/2006","TRACYS",45.68182,-111.044058,179.920424403183
204875,"2005-2008",1354,3,2,1997,4356,"TYPE UNKNOWN","04/03/2008","WILLOW",45.681382,-111.076774,151.310930576071
308875,"2005-2008",1834,3,2,2005,7841,"SINGLE FAMILY","12/15/2005","MEADOWBROOK ESTATES",45.661834,-111.121604,168.416030534351
249875,"2009-2013",1563,3,2,2004,9148,"SINGLE FAMILY","09/02/2009","HARVEST CREEK",45.685995,-111.081185,159.868841970569
215219,"2009-2013",1508,3,2.5,1993,9583,"SINGLE FAMILY","03/25/2010","CASCADE",45.683295,-111.083671,142.718169761273
414960,"2005-2008",1998,3,2.5,2007,6098,"SINGLE FAMILY","03/08/2007","OAK SPRINGS",45.691882,-111.089756,207.687687687688
314000,"2009-2013",2700,4,2,2003,12197,"SINGLE FAMILY","06/06/2012","ELK GROVE",45.643437,-111.187554,116.296296296296
184981,"2009-2013",1481,3,2,2001,6098,"SINGLE FAMILY","05/25/2012","HARVEST CREEK",45.689309,-111.074091,124.90276839973
325983,"2005-2008",1768,4,3,1984,7405,"SINGLE FAMILY","04/11/2007","FIGGINS",45.653897,-111.045004,184.379524886878
223506,"2005-2008",1440,3,2,1995,4792,"CONDOMINIUM","05/16/2005","BROOKSIDE",45.679164,-111.070519,155.2125
325850,"2005-2008",1977,3,2.5,2005,6970,"SINGLE FAMILY","01/30/2006","HARVEST CREEK",45.690006,-111.080614,164.820435002529
210140,"2005-2008",1752,3,2,2004,6534,"SINGLE FAMILY","03/31/2005","HARVEST CREEK",45.689027,-111.081876,119.942922374429
148125,"2009-2013",1352,3,1.5,1962,14375,"SINGLE FAMILY","11/07/2012","*Unknown or Custom Home",45.663178,-111.060686,109.559911242604
305450,"2009-2013",2044,4,2,1989,87556,"SINGLE FAMILY","07/30/2010","HYALITE FOOTHILLS",45.582166,-111.084571,149.437377690802
200495,"2009-2013",1898,4,3,1910,6970,"SINGLE FAMILY","03/22/2013","SPRINGBROOK",45.681746,-111.048532,105.63487881981
398000,"2009-2013",2570,3,2,1910,8712,"SINGLE FAMILY","07/16/2012","BUTTE",45.671081,-111.041298,154.863813229572
270000,"2009-2013",2192,4,2.5,2002,20909,"SINGLE FAMILY","02/11/2009","VALLEY GROVE",45.733736,-111.13859,123.175182481752
612365,"2005-2008",3168,2,2.5,1992,443876,"SINGLE FAMILY","07/11/2005","CAMERON BRIDGE PROPERTIES",45.742452,-111.227001,193.297032828283
335160,"2005-2008",1744,4,2.5,2005,8276,"SINGLE FAMILY","01/17/2006","ALDER CREEK",45.645252,-111.048741,192.178899082569
275310,"2005-2008",2240,4,3,1976,7405,"SINGLE FAMILY","08/04/2005","FIGGINS",45.653005,-111.042201,122.90625
338485,"2005-2008",1682,3,2,2005,6970,"SINGLE FAMILY","08/23/2005","HARVEST CREEK",45.692074,-111.079619,201.239595719382
297500,"2009-2013",2723,4,3,2007,9148,"SINGLE FAMILY","11/13/2009","ALDER CREEK",45.645912,-111.052831,109.254498714653
278635,"2005-2008",2384,3,3,1995,21780,"SINGLE FAMILY","10/29/2007","VALLEY GROVE",45.734647,-111.130816,116.877097315436
393813,"2005-2008",1758,4,2.5,2004,12197,"SINGLE FAMILY","09/21/2007","ELK GROVE",45.643298,-111.181323,224.011945392491
413896,"2005-2008",2018,3,2.5,2002,8276,"SINGLE FAMILY","08/31/2006","HARVEST CREEK",45.686494,-111.079413,205.102081268583
358000,"2009-2013",3307,5,3,1995,10019,"SINGLE FAMILY","05/20/2009","WESTFIELD",45.646636,-111.042539,108.255216208044
250000,"2005-2008",1339,2,2,1938,10320,"CONDOMINIUM","05/14/2008","HAHN RESIDENTIAL CONDOS",45.685783,-111.039787,186.706497386109
305000,"2005-2008",2002,3,3,1993,2614,"CONDOMINIUM","04/30/2008","SPRING MEADOWS",45.6491451181,-111.035521777,152.347652347652
265867,"2005-2008",1800,3,2.5,2005,4356,"SINGLE FAMILY","08/26/2005","WALTON HOMESTEAD NBHD",45.687644,-111.056811,147.703888888889
305767,"2005-2008",1916,3,1.5,1964,8276,"SINGLE FAMILY","02/17/2006","BRUNTON PALFFY",45.683589,-111.05051,159.58611691023
80288,"2005-2008",3472,4,3.5,2006,7405,"SINGLE FAMILY","05/05/2005","BRADY AVE",45.684533,-111.027725,23.1244239631336
520695,"2005-2008",3146,5,3,2006,10019,"SINGLE FAMILY","04/28/2006","WESTFIELD SOUTH",45.640809,-111.045116,165.510171646535
122292,"2009-2013",1347,3,2,2002,7405,"SINGLE FAMILY","05/29/2009","HARVEST CREEK",45.692184,-111.073536,90.7884187082405
159700,"2009-2013",1552,3,2.5,2006,3049,"TYPE UNKNOWN","02/17/2012","WEST WINDS MAJOR",45.69431,-111.074014,102.899484536082
197000,"2005-2008",1769,3,2.5,2007,7950,"CONDOMINIUM","07/22/2008","CRYSTAL MORNING CONDOS TRADITIO",45.686879,-111.108222,111.36235161108
356250,"2009-2013",2076,3,2.5,2002,99752,"SINGLE FAMILY","09/16/2011","ELDORADO COUNTRY ESTATES",45.591412,-111.085769,171.604046242775
229026,"2005-2008",906,2,1,1871,9148,"SINGLE FAMILY","08/22/2005","BEALLS",45.683039,-111.034004,252.788079470199
347096,"2009-2013",2340,3,2,1991,40511,"SINGLE FAMILY","06/21/2013","HYALITE HEIGHTS",45.614339,-111.058843,148.331623931624
367080,"2005-2008",1735,5,2,1978,40511,"SINGLE FAMILY","09/06/2006","HYALITE HEIGHTS",45.61434,-111.056238,211.5734870317
538650,"2005-2008",3297,5,3,2005,6534,"SINGLE FAMILY","03/10/2006","HARVEST CREEK",45.692529,-111.07858,163.375796178344
272784,"2005-2008",1960,3,2,2007,7405,"SINGLE FAMILY","08/26/2008","OAK SPRINGS",45.691185,-111.085954,139.175510204082
521250,"2009-2013",3964,5,3.5,2008,20473,"SINGLE FAMILY","03/15/2010","ELK GROVE",45.643861,-111.180268,131.495963673058
146300,"2005-2008",1873,3,2,2005,7405,"SINGLE FAMILY","01/18/2005","MEADOWBROOK ESTATES",45.663171,-111.122601,78.1099839829151
460000,"2009-2013",2560,4,3,1995,60548,"SINGLE FAMILY","04/28/2011","RANCH",45.745719,-111.044986,179.6875
337554,"2005-2008",1918,3,2.5,2005,4356,"SINGLE FAMILY","04/28/2006","WALTON HOMESTEAD NBHD",45.686514,-111.055206,175.992700729927
252700,"2005-2008",1786,3,2.5,2004,8276,"SINGLE FAMILY","09/07/2006","ALDER CREEK",45.647946,-111.048743,141.489361702128
356307,"2005-2008",1680,3,2,1992,9583,"SINGLE FAMILY","10/11/2007","CASCADE",45.680055,-111.08577,212.0875
325000,"2009-2013",2385,3,2.5,2007,9148,"SINGLE FAMILY","09/25/2009","ALDER CREEK",45.648513,-111.053821,136.268343815514
152953,"2009-2013",1330,3,2.5,1998,4356,"TYPE UNKNOWN","03/27/2010","WILLOW",45.682016,-111.076772,115.002255639098
290000,"2009-2013",2547,3,3.5,2003,8276,"SINGLE FAMILY","04/26/2010","HARVEST CREEK",45.686791,-111.079401,113.859442481351
187500,"2009-2013",3721,5,3.5,2006,8276,"SINGLE FAMILY","12/02/2013","ALDER CREEK",45.64604,-111.050608,50.3896801934964
455000,"2009-2013",3674,3,2.5,1999,43560,"SINGLE FAMILY","05/04/2009","TRIPLE TREE RANCH",45.614199,-111.017232,123.843222645618
271447,"2009-2013",1566,2,2,2009,7405,"SINGLE FAMILY","11/17/2009","NORTH STAR",45.6845111787,-111.193382171,173.337803320562
213750,"2009-2013",1473,2,1,1900,7841,"SINGLE FAMILY","07/06/2011","HARPERS",45.677935,-111.030747,145.112016293279
181250,"2009-2013",2232,3,2,1986,81457,"SINGLE FAMILY","10/06/2010","CHIEF JOSEPH MEADOWS",45.596734,-111.058261,81.2051971326165
199500,"2005-2008",2186,3,2.5,1999,14375,"SINGLE FAMILY","02/22/2005","SUNDANCE SPRINGS",45.637742,-111.041771,91.2625800548948
93750,"2009-2013",978,3,1,1946,41818,"SINGLE FAMILY","05/31/2013","EMERSON",45.656674,-110.952876,95.8588957055215
241250,"2009-2013",1167,3,1,1974,7841,"SINGLE FAMILY","12/29/2010","THOMPSON",45.660517,-111.032212,206.726649528706
125000,"2009-2013",1038,2,1.5,1984,2178,"CONDOMINIUM","10/04/2012","OLIVE TREE TOWNHOMES",45.677517,-111.058395,120.423892100193
521250,"2009-2013",2396,3,5,1999,131551,"SINGLE FAMILY","02/27/2012","ALDWORTHS REARRANGEMENT",45.659999,-111.027291,217.550083472454
53200,"2005-2008",2682,4,3,1984,8712,"SINGLE FAMILY","03/21/2006","WEST PARK MANOR",45.683895,-111.065962,19.8359433258762
405000,"2005-2008",3188,5,4.5,1998,23087,"SINGLE FAMILY","09/04/2008","WYLIE CREEK ESTATES",45.724051,-111.138274,127.038895859473
258750,"2009-2013",2498,5,2.5,1965,9148,"SINGLE FAMILY","11/05/2009","BRUNTON PALFFY",45.684399,-111.049841,103.582866293034
196500,"2009-2013",1876,4,2,1974,9583,"SINGLE FAMILY","03/05/2009","BRUNTON PALFFY",45.685211,-111.048533,104.744136460554
59850,"2005-2008",1430,3,2,2004,8276,"SINGLE FAMILY","01/11/2005","WALTON HOMESTEAD NBHD",45.687928,-111.05665,41.8531468531469
200000,"2009-2013",2183,4,2,1977,10890,"SINGLE FAMILY","06/17/2010","NEW HYALITE VIEW",45.658546,-111.019068,91.6170407695831
313750,"2009-2013",2221,3,2,1982,101930,"SINGLE FAMILY","07/12/2012","MIDDLE CREEK MEADOWS",45.6721006127,-111.178563208,141.265195857722
1197000,"2005-2008",6830,4,5,1994,479160,"SINGLE FAMILY","08/05/2005","CERTIFICATE SURV",45.678277,-110.903223,175.256222547584
165176,"2005-2008",1356,3,2,1997,3485,"TYPE UNKNOWN","11/15/2005","PARKWAY PLAZA",45.674206,-111.087849,121.811209439528
80113,"2005-2008",3659,3,3,2006,10454,"SINGLE FAMILY","07/25/2005","CATTAIL CREEK",45.709811,-111.078994,21.894779994534
200000,"2005-2008",1008,2,1,1915,6534,"SINGLE FAMILY","02/27/2008","BEALLS",45.684157,-111.032141,198.412698412698
377720,"2005-2008",1500,4,1.5,1902,6098,"SINGLE FAMILY","09/13/2007","TRACYS",45.681046,-111.043504,251.813333333333
318941,"2009-2013",1724,3,1,1950,6534,"SINGLE FAMILY","01/17/2013","BEALLS RD",45.682718,-111.03968,185.000580046404
478268,"2005-2008",2552,3,2.5,2005,480902,"SINGLE FAMILY","04/11/2005","CERTIFICATE SURV A COR",45.629004,-110.856494,187.409090909091
795000,"2009-2013",4211,8,6,2008,39204,"SINGLE FAMILY","10/01/2013","STONEGATE",45.730685,-111.0539,188.791260983139
259889,"2005-2008",1708,4,3,2008,6098,"SINGLE FAMILY","10/17/2008","OAK SPRINGS",45.687424,-111.089997,152.159836065574
232500,"2009-2013",1208,2,1,1940,42253,"SINGLE FAMILY","07/13/2009","RAINBOW",45.6550428261,-111.190484629,192.466887417219
302822,"2005-2008",2546,4,3.5,1991,8712,"SINGLE FAMILY","01/19/2007","BRIDGER PEAKS ESTATES",45.684748,-111.086697,118.940298507463
208691,"2009-2013",2066,3,2,2007,7405,"SINGLE FAMILY","04/04/2011","NORTH STAR",45.680891,-111.193804,101.012100677638
238070,"2005-2008",1926,4,2,1960,10890,"SINGLE FAMILY","05/21/2007","SPIETH",45.684964,-111.041835,123.608515057113
212500,"2009-2013",3020,4,3,2003,46609,"SINGLE FAMILY","05/14/2013","HYALITE CANYON ESTATES",45.59023,-111.082765,70.364238410596
327262,"2009-2013",1694,3,2,1985,152460,"SINGLE FAMILY","10/21/2009","MYSTIC HEIGHTS",45.592807,-111.05641,193.188902007084
1060608,"2005-2008",1198,2,1.5,2007,4356,"SINGLE FAMILY","11/13/2006","VALLEY WEST",45.682159,-111.094741,885.315525876461
234346,"2005-2008",1715,3,2.5,2006,5227,"SINGLE FAMILY","11/03/2006","VALLEY WEST",45.683188,-111.097724,136.644897959184
475000,"2009-2013",1964,3,3,2001,19602,"SINGLE FAMILY","07/24/2013","SUNDANCE SPRINGS",45.639236,-111.036433,241.853360488798
182113,"2009-2013",1566,3,2,2004,9583,"SINGLE FAMILY","03/06/2012","WESTGLEN",45.681007,-111.080191,116.291826309068
194909,"2009-2013",1362,3,2,1989,9148,"SINGLE FAMILY","01/19/2012","VALLEY",45.684774,-111.090879,143.104992657856
437500,"2005-2008",1740,3,2.5,1910,5663,"SINGLE FAMILY","09/11/2008","ROUSE ND",45.676098,-111.0288,251.436781609195
338375,"2005-2008",3464,4,3,2008,13504,"SINGLE FAMILY","08/26/2008","NORTH STAR",45.685241,-111.191673,97.6833140877598
264205,"2009-2013",1787,4,3,1950,4356,"SINGLE FAMILY","12/17/2010","CAPITOL HILL",45.668341,-111.043003,147.848349188584
247593,"2009-2013",2512,4,3,2006,7841,"SINGLE FAMILY","09/30/2011","MEADOWBROOK ESTATES",45.662787,-111.120104,98.5640923566879
355000,"2009-2013",2078,4,2.5,1996,13939,"SINGLE FAMILY","06/15/2011","WESTFIELD SO",45.645171,-111.044699,170.837343599615
103125,"2009-2013",1050,2,1,1942,43560,"SINGLE FAMILY","03/12/2010","CERTIFICATE SURV",45.656321,-110.939454,98.2142857142857
328510,"2005-2008",1118,3,1,1975,77537,"SINGLE FAMILY","02/07/2006","VALLEY VISTA",45.744471,-111.194503,293.837209302326
402192,"2005-2008",1548,4,2.5,2003,20473,"SINGLE FAMILY","08/13/2007","VALLEY GROVE",45.736347,-111.137389,259.813953488372
340480,"2005-2008",1832,3,2,2001,7841,"SINGLE FAMILY","08/31/2005","FERGUSON MEADOWS",45.683938,-111.093095,185.851528384279
300000,"2005-2008",2613,4,3,2007,6970,"SINGLE FAMILY","07/01/2008","FOWLER PLACE",45.684126,-111.081697,114.810562571757
251644,"2009-2013",2039,4,2,1972,9148,"SINGLE FAMILY","04/15/2010","UNIVERSITY",45.664763,-111.033278,123.415399705738
287280,"2005-2008",1564,3,2,1996,7405,"SINGLE FAMILY","12/11/2006","BABCOCK MEADOWS",45.67588,-111.076897,183.682864450128
241528,"2005-2008",1268,3,2,1996,20909,"SINGLE FAMILY","10/28/2005","VALLEY GROVE",45.731093,-111.137021,190.479495268139
352450,"2005-2008",2089,4,2,1975,27443,"SINGLE FAMILY","07/16/2007","GARDNER PARK",45.638754,-111.024793,168.717089516515
235203,"2009-2013",2080,2,1.5,1924,39204,"CONDOMINIUM","07/26/2012","RAINBOW",45.649511,-111.18678,113.078365384615
266875,"2005-2008",1524,3,2,1930,3049,"SINGLE FAMILY","04/30/2008","*Unknown or Custom Home",45.675735,-111.043663,175.114829396325
778050,"2005-2008",3732,4,3,1982,36590,"SINGLE FAMILY","11/30/2006","WOODRIDGE",45.646321,-111.039449,208.480707395498
355729,"2005-2008",3380,5,3,1998,22651,"SINGLE FAMILY","12/30/2008","WYLIE CREEK ESTATES",45.726835,-111.136253,105.245266272189
255360,"2005-2008",1408,3,1,1920,3049,"SINGLE FAMILY","01/29/2007","BABCOCK DAVIS",45.682907,-111.030578,181.363636363636
243318,"2009-2013",2083,4,2,1977,10890,"SINGLE FAMILY","12/18/2012","NEW HYALITE VIEW",45.658824,-111.019071,116.81132981277
188317,"2005-2008",5202,4,4.5,2005,43560,"SINGLE FAMILY","01/06/2005","GREENHILLS RANCH",45.580344,-111.096127,36.2008842752787
284937,"2009-2013",1682,3,2,2005,5227,"SINGLE FAMILY","07/24/2013","WALTON HOMESTEAD NBHD",45.68853,-111.057134,169.40368608799
379050,"2005-2008",1705,3,2,2002,8276,"SINGLE FAMILY","11/28/2006","HARVEST CREEK",45.692713,-111.076889,222.316715542522
320606,"2009-2013",1812,3,2,2009,6534,"SINGLE FAMILY","05/28/2009","OAK SPRINGS",45.686756,-111.090069,176.934878587196
100000,"2009-2013",1468,3,2,2001,9148,"SINGLE FAMILY","05/16/2012","HARVEST CREEK",45.692716,-111.07325,68.1198910081744
219450,"2005-2008",1952,3,2,1987,45738,"SINGLE FAMILY","03/10/2006","MOUNTAIN VIEW",45.748698,-111.111849,112.423155737705
230000,"2009-2013",1352,3,2,2001,613760,"MOBILE HOMES","06/11/2010","CERTIFICATE SURV",45.640057,-110.844976,170.118343195266
312816,"2005-2008",1470,3,2,1915,3049,"SINGLE FAMILY","07/11/2007","*Unknown or Custom Home",45.675625,-111.043664,212.8
329000,"2009-2013",2786,4,2.5,2007,7405,"SINGLE FAMILY","02/10/2009","HARVEST CREEK",45.692061921,-111.080957487,118.090452261307
202303,"2005-2008",1760,3,2.5,2008,8917,"CONDOMINIUM","09/02/2008","CRYSTAL MORNING CONDOS TRADITIO",45.688239,-111.108193,114.944886363636
248000,"2009-2013",2331,4,3,2006,6534,"SINGLE FAMILY","02/28/2011","WEST WINDS",45.69646,-111.074845,106.392106392106
300000,"2009-2013",2905,4,2.5,1985,59677,"SINGLE FAMILY","06/07/2012","MOUNTAIN VIEW",45.745817,-111.105748,103.270223752151
296483,"2009-2013",3367,6,3,2008,9148,"SINGLE FAMILY","04/23/2009","NORTHSTAR RESIDENTIAL",45.682092,-111.192355,88.0555390555391
224062,"2009-2013",1654,3,2,1996,749885,"CONDOMINIUM","01/28/2011","WILLOWBROOK CONDOS",45.685482,-111.138065,135.466747279323
360729,"2005-2008",1748,4,2,1978,9148,"SINGLE FAMILY","08/30/2007","FIGGINS",45.652852,-111.044744,206.366704805492
165343,"2005-2008",1354,3,2,1997,4356,"TYPE UNKNOWN","08/30/2005","WILLOW",45.680246,-111.077602,122.11447562777
200703,"2005-2008",1412,3,2,2008,6534,"SINGLE FAMILY","12/19/2008","FOWLER PLACE",45.68295,-111.081719,142.140934844193
312500,"2009-2013",2323,4,3,1975,13939,"SINGLE FAMILY","05/20/2013","WESTRIDGE",45.655101,-111.040278,134.524321997417
163000,"2009-2013",1188,3,2,1995,10454,"SINGLE FAMILY","06/28/2011","VALLEY",45.681364,-111.090281,137.205387205387
375060,"2005-2008",3245,3,2.5,2003,11761,"SINGLE FAMILY","04/29/2005","ELK GROVE",45.641648,-111.181075,115.580893682589
230900,"2009-2013",2392,3,2.5,2001,12197,"SINGLE FAMILY","07/13/2011","ELK GROVE",45.640891,-111.183949,96.5301003344482
521250,"2009-2013",846,6,4,2003,262231,"SINGLE FAMILY","08/30/2013","MINOR",45.750907,-111.066644,616.13475177305
305900,"2005-2008",3186,4,3,1992,44431,"SINGLE FAMILY","05/24/2006","ARROWLEAF HILLS",45.650121,-110.996204,96.0138104205901
206274,"2009-2013",1504,3,2,2001,7841,"SINGLE FAMILY","03/27/2009","BABCOCK MEADOWS",45.677539,-111.078173,137.150265957447
903711,"2005-2008",3430,3,2.5,1999,38768,"SINGLE FAMILY","06/29/2006","STONEGATE",45.731696,-111.057705,263.472594752187
325000,"2009-2013",1708,3,1.5,1906,6098,"SINGLE FAMILY","12/13/2012","FAIRVIEW",45.673016,-111.039192,190.281030444965
319200,"2005-2008",2534,3,3,1930,6098,"SINGLE FAMILY","09/23/2005","*Unknown or Custom Home",45.672518,-111.047013,125.966850828729
813960,"2005-2008",3949,3,2,2002,78844,"SINGLE FAMILY","05/31/2006","MOUNT ELLIS MEADOWS",45.657053,-110.984183,206.118004558116
393750,"2005-2008",2849,3,2,1986,3920,"CONDOMINIUM","05/07/2008","THOMPSON",45.661571,-111.0365,138.206388206388
212500,"2009-2013",1836,3,2,2010,8712,"SINGLE FAMILY","05/12/2010","NORTH STAR",45.6773320693,-111.1944188,115.740740740741
289000,"2009-2013",1743,3,1,1941,6970,"SINGLE FAMILY","09/27/2013","BUTTE",45.667782,-111.039879,165.806081468732
284718,"2005-2008",1869,4,3,2008,8276,"SINGLE FAMILY","04/16/2008","OAK SPRINGS",45.687046,-111.09006,152.337078651685
275044,"2005-2008",2544,5,2,1970,11326,"SINGLE FAMILY","08/16/2005","UNIVERSITY",45.664062,-111.033556,108.114779874214
176522,"2009-2013",1304,4,2,1999,5663,"SINGLE FAMILY","03/18/2010","DURSTON MEADOWS",45.688881,-111.07168,135.36963190184
360696,"2005-2008",3256,12,8,2005,10019,"TYPE UNKNOWN","04/12/2005","LAUREL GLEN",45.686036,-111.116183,110.77886977887
272650,"2005-2008",1752,3,2,1978,40511,"SINGLE FAMILY","09/02/2006","HYALITE HEIGHTS",45.61799,-111.060664,155.622146118721
237405,"2005-2008",1282,3,2,1997,7405,"SINGLE FAMILY","08/29/2005","GREENWAY",45.682708,-111.075653,185.183307332293
247500,"2005-2008",2452,4,3,1967,8712,"SINGLE FAMILY","09/15/2008","GRAFS REARG",45.683264,-111.061173,100.938009787928
187500,"2009-2013",2266,4,2.5,2006,8276,"SINGLE FAMILY","03/03/2011","HARVEST CREEK",45.688883,-111.078378,82.7449249779347
220000,"2009-2013",1666,2,2,1995,749885,"CONDOMINIUM","08/04/2010","WILLOWBROOK CONDOS",45.685482,-111.138065,132.052821128451
311875,"2009-2013",2361,4,2,1900,7405,"SINGLE FAMILY","06/03/2009","ROUSE RD",45.67755,-111.042719,132.0944515036
228243,"2005-2008",2539,4,4,2008,9148,"SINGLE FAMILY","08/19/2008","NORTH STAR",45.68443,-111.195304,89.8948404883812
178000,"2009-2013",2192,3,2.5,1998,6534,"SINGLE FAMILY","06/03/2013","NEW HYALITE VIEW",45.661173,-111.013355,81.2043795620438
184885,"2009-2013",1104,2,2,2009,13634,"CONDOMINIUM","04/12/2010","SAKO CONDOS FALCON HOLLOW",45.664529,-111.129011,167.468297101449
172900,"2005-2008",1561,3,2,2002,16988,"SINGLE FAMILY","08/05/2005","VALLEY GROVE",45.72967,-111.142579,110.762331838565
193648,"2005-2008",1466,2,2,1985,1742,"CONDOMINIUM","06/27/2006","HOFFMAN",45.6734221398,-111.036001696,132.092769440655
500625,"2009-2013",2786,2,2,2004,16117,"SINGLE FAMILY","02/11/2013","HEADLANDS",45.702111,-111.011049,179.693108399139
199500,"2009-2013",1724,3,2.5,2006,2614,"TYPE UNKNOWN","06/30/2009","BAXTER SQUARE",45.700694,-111.074587,115.719257540603
297500,"2005-2008",2388,4,2.5,1977,45738,"SINGLE FAMILY","10/24/2008","MIDDLE CREEK MEADOWS",45.671496,-111.176763,124.581239530988
665000,"2005-2008",3526,4,4,1936,13504,"SINGLE FAMILY","09/30/2005","BUTTE",45.669679,-111.03929,188.598979013046
303240,"2005-2008",960,2,1,1954,15682,"SINGLE FAMILY","06/06/2005","BOZEMAN CREEK ANNEX",45.669818,-111.029611,315.875
221980,"2009-2013",2064,3,3,1998,36155,"SINGLE FAMILY","09/29/2011","VALLEY GROVE",45.734049,-111.127747,107.548449612403
93750,"2009-2013",1398,3,2,2002,10454,"SINGLE FAMILY","08/23/2012","BABCOCK MEADOWS",45.674996,-111.07557,67.0600858369099
335027,"2005-2008",2156,3,3,1990,44867,"SINGLE FAMILY","02/26/2007","CLOVER MEADOWS",45.665898,-110.992168,155.392857142857
268660,"2005-2008",1012,2,1,1960,6098,"SINGLE FAMILY","06/21/2007","GLENDALE",45.674765,-111.052297,265.474308300395
295687,"2009-2013",1624,3,2,2007,5227,"SINGLE FAMILY","06/07/2013","VALLEY WEST",45.682503,-111.096922,182.073275862069
140000,"2009-2013",1833,3,2,2004,12632,"SINGLE FAMILY","09/30/2010","ELK GROVE",45.642805,-111.179593,76.3775231860338
207500,"2009-2013",1526,4,2,1997,8276,"SINGLE FAMILY","07/21/2011","BABCOCK MEADOWS",45.677244,-111.076316,135.976408912189
239000,"2009-2013",1793,3,2,2010,4792,"SINGLE FAMILY","06/24/2010","LEGENDS BRIDGER CREEK",45.705203,-111.011752,133.29615170106
208810,"2005-2008",2554,4,2.5,1994,7841,"SINGLE FAMILY","11/10/2006","BRENTWOOD",45.691156,-111.0676,81.7580266249021
289275,"2005-2008",1377,3,1.5,1966,20909,"SINGLE FAMILY","06/28/2005","SMITH",45.685394,-111.081321,210.076252723312
339318,"2005-2008",2490,3,2.5,2007,6970,"SINGLE FAMILY","11/23/2005","WEST WINDS",45.695098,-111.075378,136.272289156626
638400,"2005-2008",2611,4,2,1973,472626,"SINGLE FAMILY","12/16/2005","*Unknown or Custom Home",45.687636,-110.904144,244.504021447721
452200,"2005-2008",3183,4,3.5,2007,6970,"SINGLE FAMILY","10/12/2007","WEST MEADOWS",45.646582,-111.037855,142.067232170908
1183899,"2005-2008",5199,4,3.5,2004,65340,"SINGLE FAMILY","10/07/2005","HYALITE CANYON ESTATES",45.588747,-111.079165,227.716676283901
170240,"2005-2008",1396,3,2,2003,7841,"SINGLE FAMILY","03/14/2005","FERGUSON MEADOWS",45.680001,-111.092485,121.948424068768
217000,"2009-2013",1500,3,2,2007,4356,"TYPE UNKNOWN","08/31/2009","FLANDERS CREEK",45.689733,-111.104795,144.666666666667
276706,"2005-2008",840,2,1,1947,5227,"SINGLE FAMILY","10/23/2006","ROUSES ND",45.677591,-111.029594,329.411904761905
86450,"2005-2008",784,2,1,1978,2178,"CONDOMINIUM","06/26/2006","CHEQUAMEGON VILLAGE",45.677058,-111.053428,110.267857142857
234080,"2005-2008",1396,3,2,1940,5663,"SINGLE FAMILY","09/28/2007","CAPITOL HILL",45.670457,-111.047047,167.679083094556
327156,"2009-2013",1540,3,2,1940,4792,"SINGLE FAMILY","03/19/2013","LINDLEY GUY",45.676875,-111.03335,212.438961038961
437500,"2009-2013",2262,5,1.5,1900,10890,"SINGLE FAMILY","10/28/2010","*Unknown or Custom Home",45.672953,-111.042001,193.41290893015
489000,"2009-2013",2024,2,2,1953,168142,"SINGLE FAMILY","11/15/2011","*Unknown or Custom Home",45.662716,-111.030728,241.600790513834
369740,"2005-2008",1940,3,2.5,2005,4356,"SINGLE FAMILY","11/05/2005","WALTON HOMESTEAD NBHD",45.68752,-111.056878,190.587628865979
167066,"2009-2013",557,1,2,1930,5227,"SINGLE FAMILY","07/26/2011","NORTHERN PACIFIC",45.682884,-111.025597,299.938958707361
225000,"2005-2008",1742,3,2,2004,42253,"SINGLE FAMILY","10/17/2008","RAINBOW",45.663008,-111.192872,129.161882893226
260573,"2005-2008",1844,3,2,2005,3049,"SINGLE FAMILY","10/11/2005","BAXTER MEADOWS",45.701932,-111.092787,141.308568329718
241328,"2005-2008",1429,3,2,1996,7841,"SINGLE FAMILY","01/13/2005","BRENTWOOD",45.688961,-111.064427,168.878936319104
328937,"2009-2013",1400,3,2,1985,57064,"SINGLE FAMILY","03/14/2013","ELDORADO COUNTRY ESTATES",45.593497,-111.084282,234.955
109060,"2005-2008",2524,3,3.5,1997,33541,"SINGLE FAMILY","06/23/2005","VALLEY GROVE",45.733397,-111.136836,43.2091917591125
441560,"2005-2008",2448,5,3,1976,80150,"SINGLE FAMILY","12/19/2006","GRANDVIEW HEIGHTS",45.739977,-111.005351,180.375816993464
216250,"2009-2013",1750,3,2,2010,8712,"SINGLE FAMILY","06/03/2010","NORTH STAR",45.6765451725,-111.193803691,123.571428571429
259462,"2009-2013",1608,3,2,2009,7405,"SINGLE FAMILY","11/16/2009","NORTH STAR",45.684075,-111.193563,161.356965174129
118750,"2009-2013",1354,3,2,1997,3485,"TYPE UNKNOWN","06/24/2013","WILLOW",45.681553,-111.077529,87.7031019202363
231819,"2005-2008",1408,3,2,1998,5227,"SINGLE FAMILY","05/09/2007","DURSTON MEADOWS",45.68744,-111.07213,164.644176136364
187500,"2009-2013",1626,3,2,2010,4792,"SINGLE FAMILY","04/29/2011","LEGENDS BRIDGER CREEK",45.704882,-111.012574,115.313653136531
232750,"2005-2008",2529,3,2.5,2003,13068,"SINGLE FAMILY","07/28/2006","ELK GROVE",45.645358,-111.184879,92.0324238829577
375259,"2005-2008",1246,3,1,1890,7405,"SINGLE FAMILY","05/19/2005","FAIRVIEW",45.674626,-111.037636,301.170947030498
269192,"2005-2008",1560,4,2,1997,5227,"SINGLE FAMILY","10/27/2005","DURSTON MEADOWS",45.686476,-111.070871,172.558974358974
375187,"2005-2008",2765,3,2.5,2005,11326,"SINGLE FAMILY","03/11/2008","ELK GROVE",45.64033,-111.176869,135.691500904159
346500,"2005-2008",2673,4,2.5,2007,8276,"SINGLE FAMILY","03/07/2008","NORTH STAR",45.6810295364,-111.19137691,129.62962962963
541975,"2005-2008",4892,4,4,1992,57064,"SINGLE FAMILY","04/21/2005","*Unknown or Custom Home",45.668259,-110.995519,110.788021259199
328985,"2005-2008",2006,4,2.5,2003,12197,"SINGLE FAMILY","09/25/2008","ELK GROVE",45.64364,-111.187341,164.000498504487
500000,"2009-2013",2808,4,2.5,2004,11761,"SINGLE FAMILY","10/06/2011","WEST MEADOWS",45.644305,-111.037191,178.062678062678
162260,"2005-2008",1970,3,2,2004,6970,"SINGLE FAMILY","11/16/2007","HARVEST CREEK",45.689013,-111.080084,82.3654822335025
37663,"2009-2013",2938,4,2.5,2010,11761,"SINGLE FAMILY","03/12/2010","ALDER CREEK",45.6462193944,-111.051272475,12.8192648059905
272517,"2005-2008",1388,3,2.5,1999,3485,"TYPE UNKNOWN","08/31/2006","PARKWAY PLAZA",45.673849,-111.08397,196.337896253602
368750,"2009-2013",2999,3,2.5,2005,8276,"SINGLE FAMILY","09/21/2009","ALDER CREEK",45.647369,-111.049446,122.95765255085
118750,"2009-2013",1426,3,2,2004,2614,"SINGLE FAMILY","04/13/2011","BAXTER MEADOWS",45.701587,-111.092052,83.2748948106592
281295,"2005-2008",1323,3,1.5,1965,9148,"SINGLE FAMILY","07/20/2005","BRUNTON PALFFY",45.683365,-111.049296,212.619047619048
272500,"2009-2013",1416,3,2,1979,43560,"SINGLE FAMILY","02/09/2012","WILDFLOWER",45.751522,-111.102321,192.443502824859
218111,"2009-2013",1456,3,2,1995,23087,"SINGLE FAMILY","08/31/2012","VALLEY GROVE",45.729773,-111.129053,149.801510989011
704900,"2005-2008",3321,3,3,1993,7405,"CONDOMINIUM","10/05/2007","RIVERSIDE GREENS",45.729613,-111.067934,212.25534477567
190210,"2009-2013",1502,3,2,2009,5227,"SINGLE FAMILY","12/30/2010","VALLEY WEST",45.682138,-111.102857,126.637816245007
157500,"2009-2013",1092,3,1,1940,7405,"SINGLE FAMILY","06/15/2010","SPRINGBROOK",45.681141,-111.051069,144.230769230769
318535,"2005-2008",1485,3,2,2004,6970,"SINGLE FAMILY","08/18/2006","HARVEST CREEK",45.687571,-111.078559,214.501683501683
244188,"2005-2008",1537,3,2,2001,7841,"SINGLE FAMILY","07/20/2006","BABCOCK MEADOWS",45.676278,-111.077397,158.873129472999
388451,"2005-2008",722,3,1,1935,7405,"SINGLE FAMILY","08/25/2006","ROUSE SOUTH",45.681222,-111.027231,538.020775623269
171325,"2005-2008",997,2,1,1981,1742,"CONDOMINIUM","08/07/2008","KIMBERLY TOWNHOMES RICHARDS",45.676744,-111.058318,171.840521564694
271652,"2005-2008",1193,3,1.5,1991,10019,"SINGLE FAMILY","05/05/2006","VALLEY",45.685486,-111.090207,227.704945515507
237375,"2009-2013",1139,4,1,1920,6970,"SINGLE FAMILY","08/23/2013","*Unknown or Custom Home",45.675022,-111.04255,208.406496927129
281250,"2009-2013",1872,3,2,1950,7405,"SINGLE FAMILY","06/21/2012","*Unknown or Custom Home",45.677662,-111.03231,150.240384615385
817950,"2005-2008",3786,4,3.5,2001,49658,"SINGLE FAMILY","06/29/2007","PAINTED HILLS",45.645832,-111.00925,216.045958795563
307000,"2005-2008",1531,3,3,2001,20038,"SINGLE FAMILY","05/01/2008","VALLEY GROVE",45.733892,-111.14319,200.522534291313
210625,"2009-2013",1652,3,2,1963,9583,"SINGLE FAMILY","08/27/2009","ROYAL VISTA",45.691159,-111.048876,127.496973365617
280000,"2005-2008",2187,3,2.5,2001,7841,"SINGLE FAMILY","05/19/2008","FERGUSON MEADOWS",45.681894,-111.093161,128.029263831733
265893,"2005-2008",1680,3,2,2005,6534,"SINGLE FAMILY","08/24/2005","HARVEST CREEK",45.692527,-111.080408,158.269642857143
62500,"2009-2013",1611,3,2,2004,9583,"SINGLE FAMILY","06/10/2010","LAUREL GLEN",45.69001,-111.116849,38.7957790192427
401660,"2005-2008",2038,3,2.5,2005,12197,"SINGLE FAMILY","02/09/2006","ELK GROVE",45.64067,-111.180798,197.085377821394
137500,"2009-2013",2292,3,2.5,2010,3920,"UNCONFIRMED SIN","06/11/2010","TRADITIONS",45.687301,-111.108161,59.9912739965096
345000,"2009-2013",3871,5,3.5,2007,6970,"SINGLE FAMILY","10/05/2010","VALLEY WEST",45.679805,-111.099057,89.1242572978558
218894,"2009-2013",1668,3,3,2000,7405,"SINGLE FAMILY","03/01/2013","HARVEST CREEK",45.687161,-111.072887,131.231414868106
336224,"2005-2008",2146,4,2,1977,10019,"SINGLE FAMILY","07/06/2005","*Unknown or Custom Home",45.660233,-111.022161,156.674743709226
307190,"2005-2008",3067,4,3,2008,7405,"SINGLE FAMILY","10/30/2008","NORTH STAR",45.680595,-111.194071,100.159765242908
295000,"2005-2008",1512,3,2,1949,5663,"SINGLE FAMILY","05/22/2008","WEST PARK",45.673048,-111.051123,195.10582010582
521250,"2009-2013",3756,4,3.5,2001,43560,"SINGLE FAMILY","09/30/2013","MINOR",45.64009,-111.046485,138.777955271566
451801,"2005-2008",3132,5,3,2001,9148,"SINGLE FAMILY","06/05/2006","NEW HYALITE VIEW",45.66293,-111.014145,144.25319284802
554610,"2005-2008",3476,5,4.5,2005,11326,"SINGLE FAMILY","08/08/2006","VALLEY WEST",45.680351,-111.100919,159.554085155351
337500,"2009-2013",2304,4,2,1940,9583,"SINGLE FAMILY","07/22/2013","CAPITOL HILL",45.670334,-111.045765,146.484375
319200,"2005-2008",1461,4,1.5,1880,6534,"SINGLE FAMILY","08/31/2007","LINDLEY GUY",45.675268,-111.033954,218.480492813142
1013338,"2005-2008",4962,3,3.5,2004,46174,"SINGLE FAMILY","11/13/2006","GREENHILLS RANCH",45.571912,-111.102204,204.21966948811
140562,"2009-2013",2247,3,3,2008,21760,"CONDOMINIUM","06/19/2013","PERENNIAL HEIGHTS CONDOS NORTHS",45.680124,-111.189335,62.5554072096128
1117200,"2005-2008",5365,4,4.5,2004,17860,"SINGLE FAMILY","06/01/2007","WEST MEADOWS",45.642889,-111.032855,208.238583410997
321250,"2009-2013",2051,4,2,1991,43560,"SINGLE FAMILY","05/29/2013","ARROWLEAF HILLS",45.653478737,-111.000360818,156.630911750366
180348,"2005-2008",1268,3,2,1998,6098,"CONDOMINIUM","07/27/2007","GLENWOOD MEADOWS CONDOS",45.68085,-111.07468,142.230283911672
299000,"2009-2013",824,2,1,1930,5663,"SINGLE FAMILY","10/01/2013","BEALLS RD",45.685183,-111.040428,362.864077669903
343750,"2005-2008",2356,3,2.5,2007,3920,"TYPE UNKNOWN","06/19/2008","LEGENDS BRIDGER CREEK",45.706591,-111.019562,145.904074702886
428125,"2009-2013",3180,4,2.5,2003,37026,"SINGLE FAMILY","05/17/2012","RAINBOW BOZEMAN HOT SPRINGS",45.64619,-111.195231,134.630503144654
239500,"2009-2013",1250,3,2,2003,7841,"SINGLE FAMILY","06/12/2009","HARVEST CREEK",45.685993,-111.082224,191.6
374382,"2009-2013",2548,4,2.5,2006,9148,"SINGLE FAMILY","10/15/2013","OAK SPRINGS",45.690759,-111.08597,146.931711145997
307496,"2005-2008",1757,3,2,2005,7841,"SINGLE FAMILY","06/09/2006","LAUREL GLEN",45.686594,-111.11518,175.011952191235
497420,"2005-2008",2686,4,2.5,2004,8712,"SINGLE FAMILY","06/22/2005","BAXTER MEADOWS",45.700755,-111.093834,185.189873417722
125000,"2009-2013",1430,2,2,1996,217800,"SINGLE FAMILY","10/17/2013","COTTONWOOD MEADOWS",45.587959,-111.161252,87.4125874125874
301976,"2005-2008",1790,3,2.5,2004,4356,"TYPE UNKNOWN","08/10/2007","WALTON HOMESTEAD NBHD",45.688834,-111.056599,168.701675977654
393680,"2005-2008",1798,3,2,1995,130680,"SINGLE FAMILY","06/29/2006","CERTIFICATE SURV",45.748241,-111.095314,218.954393770857
424935,"2005-2008",2462,3,2.5,2005,12197,"SINGLE FAMILY","10/28/2005","ELK GROVE",45.643634,-111.186264,172.597481722177
